kn_gu,model,smoothing_cells,activity_threshold,common_mask_cells,Jaccard,Dice,precision,recall,q_common_E,q_common_C,q_common_G,q_common_angle_weighted_deg,q_common_angle_median_deg,q_common_angle_p90_deg
0.05,R13,3,0.03,18686,0.17310832879695154,0.2951276102088167,0.44612794612794615,0.22049646373595896,0.8487616722617649,0.7879113916285975,1.372035297455692,22.820104043145236,8.389161624589928,40.95533521807872
0.05,R26,3,0.03,18686,0.14682895579756566,0.2560607753323651,0.6586206896551724,0.15892386631535155,0.2310454061552677,0.9729829843620575,0.9641587244186619,6.723006079627596,4.709386916416262,18.03986914350637
0.05,R13,3,0.05,12152,0.15902825637491386,0.27441653039988106,0.43723353860729514,0.19995667244367418,0.8453811223366281,0.787281460243291,1.3656250775210694,23.258881644866673,7.454973771164553,43.60411298552159
0.05,R26,3,0.05,12152,0.1613160518444666,0.2778159340659341,0.6697019867549668,0.17525996533795493,0.2288790376406574,0.9735151940260797,0.9626779032691966,6.720905480521646,3.786754783424689,13.873511931244385
0.05,R13,3,0.07,8703,0.16449219749296495,0.28251318101933215,0.4686588921282799,0.20220125786163523,0.843835519226868,0.7846989352283993,1.3572465773137206,23.894169990377996,7.371686761584423,53.781732385703975
0.05,R26,3,0.07,8703,0.16357308584686775,0.2811565304087737,0.6778846153846154,0.17735849056603772,0.22735705651709961,0.9739068899649012,0.9602737879985019,6.793437117046355,3.4617532165306595,12.89282113884727
0.05,R13,3,0.1,5591,0.1880794701986755,0.3166109253065775,0.5188794153471377,0.22780748663101605,0.8554504415612364,0.7754049801597601,1.3525083861658866,25.229651343653554,7.912658894094523,82.03680472496177
0.05,R26,3,0.1,5591,0.20125786163522014,0.33507853403141363,0.6786296900489397,0.22245989304812835,0.23020271995527236,0.9732831625086986,0.9567481482135796,7.060226552848299,3.5338032635762606,15.173289447733884
0.05,R13,5,0.03,17168,0.21925272444213803,0.3596509895722494,0.4398750650702759,0.30417566594672424,0.8494200588304525,0.7903976823796086,1.3788217918912649,22.500483617980137,7.324940497014785,40.016356354899266
0.05,R26,5,0.03,17168,0.2207641196013289,0.36168186147775205,0.7412158393753486,0.23920086393088552,0.2210592079696356,0.9752829068181873,0.9686555574313749,6.322093593833156,3.6639664288541645,14.918836850173083
0.05,R13,5,0.05,10913,0.20239093959731544,0.33664747950462237,0.4182921543129606,0.2816695855224752,0.8448292301883981,0.7900766803432163,1.3714178787825477,22.919857650681994,6.8110680107224075,49.273881294326394
0.05,R26,5,0.05,10913,0.25406125166444743,0.4051815672117222,0.7435697583787997,0.27845884413309985,0.2194480208451729,0.9756661110266608,0.9666221042403094,6.345844309127242,3.068712705599065,12.15735407706389
0.05,R13,5,0.07,7887,0.21574251115360102,0.35491480996068153,0.44132985658409385,0.29679964927663305,0.8443316893928314,0.7871390648716884,1.3637532419086642,23.594823492087315,7.161150977575834,71.19317939089659
0.05,R26,5,0.07,7887,0.2613322822230981,0.414375,0.721436343852013,0.2906619903551074,0.21960884840399747,0.9756583876955885,0.9639393528340742,6.483876905008384,3.0021910859954373,13.29694467048676
0.05,R13,5,0.1,4863,0.2689987937273824,0.42395437262357416,0.5132336018411968,0.3611336032388664,0.8628856911649795,0.7741251363604866,1.3605050838027635,25.39991885653478,8.210672884921895,86.53974440360362
0.05,R26,5,0.1,4863,0.3228291316526611,0.4880889359449444,0.7048929663608563,0.37327935222672065,0.22406840501135233,0.9746697082827942,0.9609696948375838,6.9220288988931955,3.378005638565748,17.161345103887435
0.05,R13,7,0.03,16789,0.26463535054309495,0.4185164528722811,0.4420358152686145,0.397373437830968,0.8526548755344099,0.7921981916785477,1.3876797713024362,22.156032243655545,6.7869170044456935,39.84447036040013
0.05,R26,7,0.03,16789,0.29730791904106896,0.4583459557709785,0.8043593833067517,0.32048294852785425,0.2133389665972239,0.976991347012554,0.9719310302066416,6.062918538602288,3.2092664799066792,13.35566535701189
0.05,R13,7,0.05,10744,0.24721355327686134,0.39642537980339587,0.4247414783607813,0.37164879356568364,0.8469058333981043,0.7921427407807105,1.379288048532815,22.52181843959029,6.455318534871175,50.3294077525072
0.05,R26,7,0.05,10744,0.34355828220858897,0.5114155251141552,0.8022922636103151,0.3753351206434316,0.21208410178508322,0.9772784847484807,0.9700050411162396,6.093935182004482,2.7687689872640178,12.304798716507213
0.05,R13,7,0.07,8133,0.250576986482031,0.4007382019509623,0.4272062956717257,0.37735849056603776,0.843232495881878,0.7912097712933452,1.371773242673735,23.047731077778167,6.936148780502895,70.43445542027277
0.05,R26,7,0.07,8133,0.3582485625829279,0.5275154672745034,0.7663197729422895,0.40218470705064546,0.2113162742660916,0.9774683987260859,0.9675166010070262,6.197785122475357,2.7259518723549743,13.807863825397236
0.05,R13,7,0.1,5187,0.2981680353758686,0.459367396593674,0.47821681864235055,0.4419475655430712,0.8572748664774931,0.7806954872280434,1.367556322922704,24.55546874344317,7.874902887335497,85.42034421991066
0.05,R26,7,0.1,5187,0.4075829383886256,0.5791245791245792,0.7226890756302521,0.48314606741573035,0.2148302287520759,0.9767379748624775,0.9637341783352019,6.5772614454580625,3.112001893039822,16.862309075282898
0.05,R13,9,0.03,16950,0.29397168296599036,0.45437112239142696,0.44156983117737336,0.4679368029739777,0.8600814652904488,0.7927392423358701,1.3995140220321058,21.932246571188386,6.487974939084271,39.521458763250855
0.05,R26,9,0.03,16950,0.3603545179420666,0.5297950103289369,0.8381096028154852,0.38731412639405205,0.2091595886744618,0.9778841802641104,0.9756030521921205,5.9197690691625295,2.8785280791546057,12.365796960683257
0.05,R13,9,0.05,10930,0.270392068499324,0.42568286626463286,0.4238784881667255,0.4275026718916993,0.8535495001711606,0.7927252024913112,1.3901864948838207,22.288234248205853,6.217207731309641,49.80606435200465
0.05,R26,9,0.05,10930,0.4054937867887508,0.5770125639832481,0.8316566063044937,0.44175276095475596,0.20858278469030467,0.9780147070578517,0.9735937014463028,5.975567750739399,2.530325608240539,12.52884041610211
0.05,R13,9,0.07,8400,0.26831683168316833,0.42310694769711166,0.4101917255297679,0.4368619022031166,0.8444879267588274,0.7935263710104641,1.3790551576046493,22.718157482915036,6.716511735456159,68.91690591065121
0.05,R26,9,0.07,8400,0.4518447532343076,0.6224422442244224,0.806672369546621,0.5067168189145621,0.20644907667249754,0.9784852304601693,0.9710982495059677,6.0411730303671,2.54284135003331,13.389472167598429
0.05,R13,9,0.1,5777,0.3203463203463203,0.4852459016393443,0.46540880503144655,0.5068493150684932,0.8507449892667316,0.7867353507471876,1.3721578894982602,23.83461882896184,7.425649676557241,83.66583916185883
0.05,R26,9,0.1,5777,0.4782251437962202,0.6470261256253474,0.749034749034749,0.5694716242661448,0.20806169157182675,0.9781740440971489,0.9674909712666874,6.316980890683123,2.8371691417244977,15.650018512666506
0.05,R13,11,0.03,17234,0.3198297372669896,0.484653024911032,0.4427062169849655,0.5353808353808354,0.8677332110156798,0.7933626085124319,1.4117355979655875,21.716455671172877,6.474155639993179,38.341964160245716
0.05,R26,11,0.03,17234,0.4139042357274402,0.5854770433083686,0.8677606177606177,0.44176904176904175,0.20587757559967326,0.978578150066851,0.9794567415868721,5.807443707673489,2.743043629346028,11.883899039730617
0.05,R13,11,0.05,11292,0.28643106457242584,0.4453111751738172,0.4225941422594142,0.4706093189964158,0.8626108962501687,0.7933914724097753,1.4045932286425848,22.021310827917585,5.997341900690892,48.539289287241715
0.05,R26,11,0.05,11292,0.4588313413014608,0.6290395994538006,0.8615960099750624,0.4953405017921147,0.20562059710007508,0.9786323442879394,0.9775858079532813,5.873232291351221,2.43814557545383,12.40438562731411
0.05,R13,11,0.07,8634,0.2868217054263566,0.4457831325301205,0.4075263882514915,0.4919667590027701,0.8516064445059143,0.7943918815772728,1.3912938817748637,22.455386801193765,6.597472273299735,68.21609940121901
0.05,R26,11,0.07,8634,0.5313597591570497,0.6939711664482306,0.8492381716118684,0.5867036011080332,0.20332974472622845,0.9791196224216691,0.9748511213281859,5.9448985583331,2.5023834995546674,13.4520179016401
0.05,R13,11,0.1,6267,0.334881021474173,0.5017391304347826,0.4593949044585987,0.5526819923371648,0.8421467346965757,0.7929553327088261,1.3743237893965532,23.216266650216856,7.1575293441643835,82.35082885183469
0.05,R26,11,0.1,6267,0.5520918785890074,0.7114164904862579,0.7936320754716981,0.6446360153256705,0.20194999835369165,0.9794380642572039,0.9703428154450384,6.123421628911327,2.732751380950487,15.127500243441224
0.2,R13,3,0.03,20966,0.10188368963970698,0.1849263957669086,0.4436848958333333,0.11680521038649413,0.6388975401819621,0.8152545378994858,1.0851249297846746,27.559076943575107,22.211588455656475,64.54729212875088
0.2,R26,3,0.03,20966,0.4490596587370781,0.6197945764751386,0.6216379310344827,0.617962121861342,0.369137558523183,0.9330813817424584,1.016168095884202,11.806703195816649,8.279273672382637,23.185308049909562
0.2,R13,3,0.05,15917,0.06003256003256003,0.11326550201574198,0.3791773778920309,0.0665763935906116,0.6369186819574078,0.8140233669884898,1.0753650005443376,27.95000449449367,21.61474662810247,60.70308084119554
0.2,R26,3,0.05,15917,0.4001351237226586,0.5715664394716208,0.6139691589996112,0.5346422929361317,0.3682194109030647,0.9332356580197717,1.0139470448582866,11.956311113171031,8.28248169172886,21.930357377373724
0.2,R13,3,0.07,11053,0.050473653049141504,0.0960969423700155,0.3476044852191641,0.05575539568345324,0.6471414179284146,0.805641077167948,1.0661205581616158,29.047463994475105,22.169055631108446,59.88421190517207
0.2,R26,3,0.07,11053,0.347900390625,0.5162108313711284,0.5785627283800243,0.46599084368868543,0.3732833179578519,0.9315037577830274,1.015406595813237,12.24470528227292,8.398189625730353,22.132055019194862
0.2,R13,3,0.1,5782,0.052163943823445115,0.09915554344865159,0.32971014492753625,0.05835203590894517,0.6953672182911347,0.7725149526573337,1.0559138241319974,32.65042177721488,26.40695804121882,61.812511983899014
0.2,R26,3,0.1,5782,0.2672393223574326,0.42176614573526644,0.5109489051094891,0.3590894517473549,0.3897020493344092,0.9263548064108659,1.0263593793860597,12.796202820327133,8.56807986426797,22.986125884501057
0.2,R13,5,0.03,19214,0.10442921364875819,0.18910983584679034,0.42900393581592494,0.12128734058033039,0.6312393617108011,0.8190826384447758,1.082444557435953,27.28555898557066,21.538273669791465,62.31185598374143
0.2,R26,5,0.03,19214,0.5331804782181461,0.6955221329687233,0.6943946762221653,0.6966532568689549,0.3650336501114409,0.934473913277414,1.015041030078786,11.692046120200189,8.10886826291813,22.125274168484246
0.2,R13,5,0.05,13288,0.06711923792839154,0.125795198029961,0.3482954545454545,0.07675932882544453,0.6273688075655814,0.8180479450676161,1.0686353771858466,27.791129030849444,21.655008536522008,59.536550114966055
0.2,R26,5,0.05,13288,0.49244855578629415,0.6599203086458795,0.6667092651757188,0.6532682193839219,0.364973075445445,0.9341732445159959,1.0108869758139136,11.88376296506582,8.353758552486333,21.72469194404623
0.2,R13,5,0.07,8391,0.06394607396611404,0.1202054794520548,0.31311329170383584,0.0743801652892562,0.6429301675017972,0.8055361916488232,1.0550311942841042,29.4011703564429,23.245505031295902,59.9298966173999
0.2,R26,5,0.07,8391,0.45052631578947366,0.6211901306240929,0.6080779378932413,0.6348802712439076,0.3767393865817381,0.9302248005088855,1.0153761063343407,12.317153259646592,8.621481594752227,22.833641929238972
0.2,R13,5,0.1,4142,0.0761904761904762,0.1415929203539823,0.2893081761006289,0.09373408048904738,0.7170859569912473,0.7538435740526359,1.0410584828831215,35.166785957039245,30.90462892794461,62.995844837922974
0.2,R26,5,0.1,4142,0.3434146341463415,0.5112563543936093,0.4870848708487085,0.5379521141110545,0.4007663516466831,0.9239128877025046,1.0431969716155436,13.075608772181344,8.62260278192014,23.812514210560483
0.2,R13,7,0.03,18608,0.1355239035396982,0.23869846000993541,0.47073230467793287,0.159886864653523,0.6273766995888054,0.8216667710451201,1.0838457286802747,27.09712560677923,21.01674672681238,61.12036336590378
0.2,R26,7,0.03,18608,0.5991399272246113,0.74932770675603,0.7453497942386831,0.7533483071291905,0.3609975166097796,0.9359226188369992,1.0151081948539424,11.587371403628678,8.114107151332377,22.011910421842366
0.2,R13,7,0.05,12615,0.0995885641945353,0.1811378681761489,0.3998305802626006,0.11709253287025552,0.6195373431094227,0.8225968091281166,1.0685480845768147,27.368347246329115,21.54740028555363,58.42666522741018
0.2,R26,7,0.05,12615,0.5694471200154113,0.7256658892843991,0.718172983479106,0.7333167948399901,0.3587320276358926,0.9362818308017257,1.009167593068371,11.713492327584287,8.36140488466923,21.718509729929114
0.2,R13,7,0.07,8188,0.09056144620198157,0.16608224418233983,0.35782967032967034,0.10813615608136157,0.6320611871809545,0.8115733015847287,1.0527217375857416,28.850188328541435,23.673757723404776,59.666865239428205
0.2,R26,7,0.07,8188,0.5253164556962026,0.6887966804979253,0.6572398190045249,0.7235367372353674,0.36623891897539174,0.9338445488561871,1.0125629533158784,12.050133269227636,8.704870605032799,22.27164962476866
0.2,R13,7,0.1,4144,0.10225505443234836,0.1855379188712522,0.3058139534883721,0.1331645569620253,0.7067763849366312,0.7594932380009675,1.0358315033087018,34.86980341718003,31.330681915376626,62.935591251697424
0.2,R26,7,0.1,4144,0.392327530625403,0.5635563787913869,0.51919795221843,0.6162025316455696,0.3887130459319682,0.9286915770975714,1.045164223885062,12.691148600748772,8.308258960821354,21.573014035508063
0.2,R13,9,0.03,18802,0.14645776566757493,0.25549613784907904,0.4802322984141166,0.17404679025337974,0.6260566101568845,0.8232094002358313,1.0870665505231916,26.9609613508123,20.676225873937767,60.6743077843319
0.2,R26,9,0.03,18802,0.6488638570596232,0.7870435806831566,0.7641228939544104,0.8113818505626164,0.35784813383013514,0.937133546532346,1.0163457357585204,11.52066021864939,8.086787785210797,22.094320705874168
0.2,R13,9,0.05,12883,0.10607255520504733,0.19180035650623886,0.40466340729597594,0.1256862516061208,0.6136588505810102,0.8266365764497806,1.0713919940017131,26.98875320042922,21.3456890737802,57.070664168606925
0.2,R26,9,0.05,12883,0.6407632743362832,0.7810551154559245,0.7524355921195064,0.8119378577269011,0.352047268635821,0.9386557391637509,1.0094503436120394,11.554822225284909,8.40343190331832,21.6269080532068
0.2,R13,9,0.07,8616,0.08951406649616368,0.1643192488262911,0.34782608695652173,0.10756819054936612,0.621448097414975,0.8180476989475043,1.0534192680334895,28.282902438083998,23.567007371786588,58.86830170066946
0.2,R26,9,0.07,8616,0.5887549074593382,0.7411525902391669,0.6855510204081633,0.8065693430656934,0.3579984166517488,0.9367621056725515,1.0121683981767693,11.796002024838394,8.603726135060022,21.333030171891565
0.2,R13,9,0.1,4584,0.11050102951269733,0.19901112484548825,0.33402489626556015,0.14172535211267606,0.6840412041304641,0.7748004221085882,1.0360054432086838,33.24035006318458,30.077036697893057,62.32019298759198
0.2,R26,9,0.1,4584,0.4157998313185268,0.5873709293089754,0.5350940665701881,0.6509683098591549,0.3704639490547341,0.9345378211637194,1.037515861224018,12.200719249484292,8.403010191220115,20.19763788472556
0.2,R13,11,0.03,19481,0.15202420029606745,0.26392535895860103,0.4910602910602911,0.18045687218274886,0.6274583496728103,0.8233544234671462,1.090966992710527,26.960758930211064,20.490621687166744,60.933665859421865
0.2,R26,11,0.03,19481,0.6832559579077685,0.8118265730151142,0.7826148610323312,0.8433035373214149,0.35499141728370065,0.9383158746987503,1.0186625426867342,11.443017531472544,7.991889185519964,22.028206369037978
0.2,R13,11,0.05,13738,0.10317887931034483,0.18705738705738706,0.3990969086488364,0.12215607059323835,0.6106049190165893,0.8295590531863363,1.0765541742933464,26.67333990372107,20.999717305084783,56.448263451803896
0.2,R26,11,0.05,13738,0.6859469086591468,0.8137230242969968,0.7722715554282441,0.8598766744631087,0.3473513153005293,0.9403818810585121,1.0108873309482447,11.406444058899408,8.296457710260222,21.3065775384082
0.2,R13,11,0.07,9457,0.08919527293190771,0.16378196848359597,0.3528102392877017,0.10664423885618167,0.6131024302104616,0.8243864864932396,1.059987142355319,27.571436384057158,23.2033643952445,57.99865113932949
0.2,R26,11,0.07,9457,0.6438080884199949,0.7833129584352079,0.7176256474870503,0.8622371740958789,0.34734508375904893,0.9403114415856993,1.009839956517033,11.527030729559538,8.552201985985203,21.05049239122512
0.2,R13,11,0.1,5301,0.10433796427558832,0.1889602053915276,0.34232558139534885,0.13049645390070921,0.6604775676779945,0.7912161102642974,1.0407227245004829,31.507665155407018,27.97581086671137,61.69500987247573
0.2,R26,11,0.1,5301,0.5373376623376623,0.6990496304118268,0.6082961407193489,0.8216312056737589,0.3546097978001907,0.9393381827487194,1.0293622365652328,11.813984887984994,8.452574785404003,19.1543269452824
