x_over_L,u_mean_over_Ulid,u_CI95_halfwidth_over_Ulid,slip_mean_over_Ulid,slip_CI95_halfwidth,temperature_mean_K,temperature_CI95_halfwidth_K,u_mean_11cell_over_Ulid,slip_mean_11cell_over_Ulid,temperature_mean_11cell_K
2.500000000000000052e-03,1.089458333333333528e-01,3.485368339400628235e-02,8.910541666666667027e-01,3.485368339400612969e-02,3.016249999999999432e+02,2.153435065470189258e+00,2.157451212121212214e-01,7.842548787878786953e-01,3.043780909090908722e+02
7.499999999999999722e-03,2.550306666666666278e-01,2.177257147902186829e-02,7.449693333333332612e-01,2.177257147902181278e-02,3.046960000000000264e+02,3.676943407303522537e+00,2.435691969696969772e-01,7.564308030303029673e-01,3.050127878787878331e+02
1.250000000000000069e-02,3.173276666666666745e-01,1.471773112933657396e-02,6.826723333333332144e-01,1.471773112933659998e-02,3.071663333333333412e+02,2.534614697309608644e+00,2.727051515151515670e-01,7.272948484848484885e-01,3.056355454545454791e+02
1.750000000000000167e-02,3.564413333333332767e-01,2.470660156575106570e-02,6.435586666666667233e-01,2.470660156575113856e-02,3.090579999999999927e+02,3.336936742060460315e+00,3.026087121212121533e-01,6.973912878787880132e-01,3.061633333333333553e+02
2.249999999999999917e-02,3.859460000000000668e-01,1.364757292783275351e-02,6.140539999999999887e-01,1.364757292783274831e-02,3.074003333333333217e+02,3.870231014844256467e+00,3.329848181818181874e-01,6.670151818181818681e-01,3.068672727272727343e+02
2.750000000000000361e-02,4.047756666666667003e-01,9.215555412521470383e-03,5.952243333333333553e-01,9.215555412521432219e-03,3.100883333333333667e+02,2.287555453844992037e+00,3.644974696969696670e-01,6.355025303030303885e-01,3.074173333333333176e+02
3.250000000000000111e-02,4.150106666666666388e-01,5.335773025858217729e-03,5.849893333333332501e-01,5.335773025858153544e-03,3.086066666666666265e+02,1.348088994585278089e+00,3.972494848484848240e-01,6.027505151515151205e-01,3.080806363636364154e+02
3.749999999999999861e-02,4.294413333333333416e-01,1.495796688578116158e-02,5.705586666666667695e-01,1.495796688578108005e-02,3.084753333333333671e+02,2.653975738278932184e+00,4.176686666666666325e-01,5.823313333333333119e-01,3.085573030303030464e+02
4.249999999999999611e-02,4.378849999999999687e-01,2.128515434371795051e-02,5.621150000000000313e-01,2.128515434371790888e-02,3.074306666666666388e+02,2.991699483666361292e+00,4.336456666666665960e-01,5.663543333333334040e-01,3.088100909090909454e+02
4.750000000000000056e-02,4.430829999999999491e-01,4.128228371511242362e-02,5.569169999999999954e-01,4.128228371511236811e-02,3.093683333333332826e+02,3.761768979064482377e+00,4.457539393939393135e-01,5.542460606060606310e-01,3.088955454545454131e+02
5.250000000000000500e-02,4.555850000000000177e-01,3.685842600833576926e-02,5.444149999999999823e-01,3.685842600833578314e-02,3.076756666666666433e+02,4.910751557592710981e+00,4.557979393939393109e-01,5.442020606060606891e-01,3.090070909090908913e+02
5.750000000000000250e-02,4.692179999999999684e-01,1.489548691990960627e-02,5.307819999999999760e-01,1.489548691990955076e-02,3.089213333333333367e+02,2.045050938004048025e+00,4.649119090909090146e-01,5.350880909090910409e-01,3.088775454545454409e+02
6.250000000000000000e-02,4.796416666666666329e-01,5.909555469902266767e-03,5.203583333333333671e-01,5.909555469902325747e-03,3.099393333333333089e+02,1.959766348943189129e+00,4.732714242424242435e-01,5.267285757575759231e-01,3.089408787878787734e+02
6.750000000000000444e-02,4.930746666666667166e-01,2.875298461515261167e-02,5.069253333333333389e-01,2.875298461515257697e-02,3.099469999999999459e+02,4.597160444649079913e+00,4.805186363636363978e-01,5.194813636363636578e-01,3.088724242424241879e+02
7.249999999999999500e-02,4.896323333333333361e-01,5.727666002374616309e-03,5.103676666666666639e-01,5.727666002374742077e-03,3.099979999999999905e+02,2.824118263425224207e+00,4.872962727272728278e-01,5.127037272727273942e-01,3.091084242424242348e+02
7.749999999999999944e-02,4.964299999999999824e-01,3.433220056159679706e-02,5.035699999999999621e-01,3.433220056159677624e-02,3.086273333333333539e+02,2.041502297238414698e+00,4.948240606060606561e-01,5.051759393939393439e-01,3.090694848484848194e+02
8.250000000000000389e-02,5.050293333333333301e-01,8.375759918409024160e-03,4.949706666666666699e-01,8.375759918409015486e-03,3.086633333333333553e+02,2.383790421771379009e+00,5.015584242424243611e-01,4.984415757575758055e-01,3.092519999999999527e+02
8.749999999999999445e-02,5.069653333333333789e-01,2.755810506378385608e-02,4.930346666666666766e-01,2.755810506378391159e-02,3.093033333333333417e+02,5.663890819866938209e+00,5.073924848484847594e-01,4.926075151515151851e-01,3.093198484848484782e+02
9.249999999999999889e-02,5.091606666666667058e-01,9.413695606028603738e-03,4.908393333333333497e-01,9.413695606028591595e-03,3.077223333333333244e+02,2.145750550390551847e+00,5.122120303030303079e-01,4.877879696969697476e-01,3.092554545454545405e+02
9.750000000000001721e-02,5.124390000000000889e-01,1.095159460191925602e-02,4.875609999999999666e-01,1.095159460191923000e-02,3.100266666666666993e+02,2.856985532074757028e+00,5.173346363636364131e-01,4.826653636363636424e-01,3.092015454545455100e+02
1.025000000000000078e-01,5.258886666666665599e-01,4.346561746125033460e-02,4.741113333333333291e-01,4.346561746125036929e-02,3.089399999999999977e+02,3.646988285634475524e+00,5.230664242424242216e-01,4.769335757575757784e-01,3.091475757575757939e+02
1.075000000000000122e-01,5.296629999999999949e-01,1.622397262099631310e-02,4.703370000000000051e-01,1.622397262099636167e-02,3.096833333333333371e+02,4.447127124764683082e+00,5.281593939393939285e-01,4.718406060606060715e-01,3.092912121212121406e+02
1.125000000000000028e-01,5.333926666666666261e-01,2.227194202683556098e-02,4.666073333333333739e-01,2.227194202683557486e-02,3.096676666666666620e+02,2.005839808915832023e+00,5.334836666666666893e-01,4.665163333333333662e-01,3.095208181818181856e+02
1.175000000000000072e-01,5.326566666666666672e-01,3.415344269924811688e-02,4.673433333333332773e-01,3.415344269924807524e-02,3.092309999999999945e+02,1.818207236691024020e+00,5.383723636363636489e-01,4.616276363636364066e-01,3.096421212121211965e+02
1.224999999999999978e-01,5.494233333333332636e-01,2.844672143827633309e-02,4.505766666666666809e-01,2.844672143827632615e-02,3.093540000000000418e+02,5.330225002867774897e+00,5.426013333333332689e-01,4.573986666666667311e-01,3.098398181818182024e+02
1.275000000000000022e-01,5.526820000000000066e-01,1.840119925160957348e-02,4.473180000000000489e-01,1.840119925160956654e-02,3.094043333333333408e+02,2.085210310708688564e+00,5.458063333333332823e-01,4.541936666666667177e-01,3.097450606060606901e+02
1.325000000000000067e-01,5.524526666666665919e-01,8.273162230232722347e-03,4.475473333333333525e-01,8.273162230232705000e-03,3.102073333333333380e+02,1.461547934442252394e+00,5.491166363636363901e-01,4.508833636363636099e-01,3.098904242424242739e+02
1.375000000000000111e-01,5.635963333333333658e-01,1.666233779184232711e-02,4.364036666666666342e-01,1.666233779184234098e-02,3.111890000000000214e+02,1.077213888085303717e+00,5.526348484848484510e-01,4.473651515151514380e-01,3.098953333333333831e+02
1.425000000000000155e-01,5.607409999999999339e-01,2.043868938586736184e-02,4.392590000000000106e-01,2.043868938586739653e-02,3.106376666666666893e+02,2.469195814736072414e+00,5.559394848484848772e-01,4.440605151515151228e-01,3.099099090909091387e+02
1.474999999999999922e-01,5.556793333333334139e-01,3.079615030729142278e-02,4.443206666666667526e-01,3.079615030729142278e-02,3.098969999999999914e+02,7.934049633682757063e-01,5.601190303030303408e-01,4.398809696969697147e-01,3.099343939393939422e+02
1.524999999999999967e-01,5.476940000000000142e-01,2.028566400489912464e-02,4.523059999999999303e-01,2.028566400489911423e-02,3.089843333333333248e+02,5.157251968727735836e+00,5.625825454545454463e-01,4.374174545454545537e-01,3.099743030303030764e+02
1.575000000000000011e-01,5.623019999999999685e-01,2.392168587232845409e-02,4.376979999999999760e-01,2.392168587232845409e-02,3.105389999999999873e+02,4.874232059611066425e+00,5.645641212121212948e-01,4.354358787878788162e-01,3.099745151515151633e+02
1.625000000000000056e-01,5.683633333333333315e-01,1.950611151668694282e-02,4.316366666666666685e-01,1.950611151668692894e-02,3.097373333333333107e+02,3.855287558606261822e+00,5.663841515151514239e-01,4.336158484848485206e-01,3.100114848484848835e+02
1.675000000000000100e-01,5.697436666666666483e-01,1.285422677787273482e-02,4.302563333333333517e-01,1.285422677787272441e-02,3.098280000000000314e+02,1.785524850416011722e+00,5.684751515151514889e-01,4.315248484848485666e-01,3.098753333333333444e+02
1.724999999999999867e-01,5.786316666666666553e-01,1.450224497465284548e-02,4.213683333333333447e-01,1.450224497465282120e-02,3.095003333333333444e+02,5.828851327711999986e+00,5.709882727272725944e-01,4.290117272727273501e-01,3.098122727272727275e+02
1.774999999999999911e-01,5.765219999999999789e-01,1.460888250580363174e-02,4.234780000000000211e-01,1.460888250580364908e-02,3.097930000000000064e+02,2.896709090598416303e+00,5.732790606060605976e-01,4.267209393939394579e-01,3.097925151515151470e+02
1.824999999999999956e-01,5.744793333333333418e-01,2.638659149726060166e-02,4.255206666666666582e-01,2.638659149726054962e-02,3.094066666666666947e+02,1.085102896639911219e+00,5.773895757575757681e-01,4.226104242424243429e-01,3.099290303030303448e+02
1.875000000000000000e-01,5.724730000000000096e-01,2.654723624033205817e-02,4.275269999999999904e-01,2.654723624033204082e-02,3.106140000000000327e+02,3.102595516687737476e+00,5.800343333333333184e-01,4.199656666666667371e-01,3.099175454545454613e+02
1.925000000000000322e-01,5.865973333333333040e-01,1.547393813726113260e-02,4.134026666666666405e-01,1.547393813726109964e-02,3.096913333333333753e+02,1.718804903500145143e+00,5.822472424242425282e-01,4.177527575757576384e-01,3.100396363636363617e+02
1.975000000000000089e-01,5.883853333333334268e-01,2.569468467576309020e-02,4.116146666666666287e-01,2.569468467576314225e-02,3.099439999999999600e+02,4.665221204710989222e-01,5.850580606060606925e-01,4.149419393939394740e-01,3.102076363636363681e+02
2.025000000000000133e-01,5.808779999999998944e-01,1.728136048824814239e-02,4.191219999999999946e-01,1.728136048824813545e-02,3.096796666666666624e+02,4.324933219845730648e+00,5.867575454545455038e-01,4.132424545454546072e-01,3.104265151515151615e+02
2.075000000000000178e-01,5.929096666666666682e-01,3.274351900127548537e-02,4.070903333333333318e-01,3.274351900127551313e-02,3.104860000000000468e+02,3.817156271362177833e+00,5.903580303030303567e-01,4.096419696969697544e-01,3.107133939393939386e+02
2.125000000000000222e-01,5.913943333333333552e-01,8.028009290441021073e-02,4.086056666666667003e-01,8.028009290441022461e-02,3.104126666666666665e+02,3.592207721358879446e+00,5.941512424242424428e-01,4.058487575757576682e-01,3.109943636363636301e+02
2.175000000000000266e-01,5.927053333333333063e-01,4.039585902538599810e-02,4.072946666666666382e-01,4.039585902538603973e-02,3.110803333333333285e+02,1.389817514512891261e+00,5.981900606060606140e-01,4.018099393939394970e-01,3.110466969696969954e+02
2.225000000000000033e-01,6.006626666666666781e-01,2.260396135214167920e-02,3.993373333333333774e-01,2.260396135214161675e-02,3.116759999999999877e+02,1.463692643230220636e+00,6.019912727272727082e-01,3.980087272727272363e-01,3.111533030303030500e+02
2.275000000000000078e-01,5.973260000000000236e-01,1.919826933617388084e-02,4.026740000000000319e-01,1.919826933617390513e-02,3.119079999999999586e+02,5.813478301826862982e+00,6.056877878787878533e-01,3.943122121212121467e-01,3.110383030303030978e+02
2.325000000000000122e-01,6.161273333333333602e-01,1.302089100981408155e-02,3.838726666666666953e-01,1.302089100981409196e-02,3.129486666666667247e+02,3.326992508407128568e+00,6.096520909090908935e-01,3.903479090909091620e-01,3.111085454545454922e+02
2.375000000000000167e-01,6.162046666666666228e-01,4.142917705257444932e-02,3.837953333333333217e-01,4.142917705257444239e-02,3.124973333333333017e+02,3.456371520998305247e+00,6.127616363636363417e-01,3.872383636363636583e-01,3.112301515151515332e+02
2.425000000000000211e-01,6.169000000000000039e-01,1.403208609293920585e-02,3.831000000000000516e-01,1.403208609293923881e-02,3.111896666666666533e+02,1.689011491276474874e+00,6.160088484848484924e-01,3.839911515151515631e-01,3.112576060606060651e+02
2.475000000000000255e-01,6.284106666666666730e-01,1.846422135496145894e-02,3.715893333333333270e-01,1.846422135496146935e-02,3.108640000000000327e+02,3.060432456453298755e+00,6.193084848484847749e-01,3.806915151515152251e-01,3.112150606060606037e+02
2.525000000000000022e-01,6.290470000000000228e-01,3.668448942294577630e-02,3.709530000000000327e-01,3.668448942294575549e-02,3.086790000000000305e+02,2.218852329047486638e+00,6.214643333333333963e-01,3.785356666666667147e-01,3.111674848484848326e+02
2.575000000000000067e-01,6.244853333333333367e-01,2.320296889430256346e-02,3.755146666666666633e-01,2.320296889430255652e-02,3.104523333333333426e+02,4.465659774252079828e+00,6.232919393939394537e-01,3.767080606060606573e-01,3.109716363636363212e+02
2.625000000000000111e-01,6.271146666666667091e-01,2.066414846127539659e-02,3.728853333333333464e-01,2.066414846127536883e-02,3.118236666666667247e+02,4.197225669646232227e+00,6.234023939393940061e-01,3.765976060606061049e-01,3.107506666666666888e+02
2.675000000000000155e-01,6.271136666666666803e-01,2.095193676066225280e-02,3.728863333333332641e-01,2.095193676066220770e-02,3.107146666666666874e+02,1.226405311715526913e+00,6.241177272727272962e-01,3.758822727272727038e-01,3.106241515151515387e+02
2.725000000000000200e-01,6.290013333333334122e-01,3.509387392575526871e-02,3.709986666666666988e-01,3.509387392575522013e-02,3.106123333333333107e+02,2.548823751952757899e+00,6.251127878787879899e-01,3.748872121212121211e-01,3.106158484848485841e+02
2.775000000000000244e-01,6.243769999999999598e-01,3.825526078944405106e-02,3.756229999999999847e-01,3.825526078944404412e-02,3.111526666666666188e+02,3.198518391870542210e+00,6.246258484848484782e-01,3.753741515151515773e-01,3.105105454545454791e+02
2.825000000000000289e-01,6.174296666666666544e-01,5.170055872606107300e-02,3.825703333333332901e-01,5.170055872606110769e-02,3.097536666666666747e+02,5.238413484515920260e+00,6.255888181818182181e-01,3.744111818181818374e-01,3.106841818181817985e+02
2.875000000000000333e-01,6.173423333333333263e-01,4.688273723546290683e-02,3.826576666666666182e-01,4.688273723546292071e-02,3.105180000000000291e+02,2.541936928884648950e+00,6.273405151515152323e-01,3.726594848484848788e-01,3.107043333333333521e+02
2.925000000000000377e-01,6.240733333333332578e-01,2.141165266113088939e-02,3.759266666666666867e-01,2.141165266113087204e-02,3.111056666666666501e+02,5.235691558062609552e+00,6.286623939393940486e-01,3.713376060606060070e-01,3.106876363636363862e+02
2.975000000000000422e-01,6.278456666666667463e-01,1.147688730272905522e-02,3.721543333333333092e-01,1.147688730272901532e-02,3.110983333333333576e+02,2.127526300552807559e+00,6.298232727272727871e-01,3.701767272727272129e-01,3.106819393939393876e+02
3.025000000000000466e-01,6.230543333333333766e-01,2.771608334009514202e-02,3.769456666666666789e-01,2.771608334009512467e-02,3.097056666666666729e+02,1.306959440861531929e+00,6.304277272727273340e-01,3.695722727272727215e-01,3.107070606060606224e+02
3.075000000000000511e-01,6.396396666666667175e-01,3.580445175022105991e-02,3.603603333333333381e-01,3.580445175022103216e-02,3.105889999999999986e+02,5.422095351430112231e+00,6.308903333333334418e-01,3.691096666666667803e-01,3.106424545454545409e+02
3.125000000000000555e-01,6.437539999999999374e-01,3.236957711359269435e-02,3.562460000000000071e-01,3.236957711359269435e-02,3.106740000000000350e+02,3.368222344306173621e+00,6.317852727272728064e-01,3.682147272727273601e-01,3.107598181818182184e+02
3.175000000000000044e-01,6.416553333333332443e-01,3.406162093204790492e-02,3.583446666666667002e-01,3.406162093204789104e-02,3.116400000000000432e+02,3.614422931562496277e+00,6.339147272727272409e-01,3.660852727272727591e-01,3.108478787878788125e+02
3.225000000000000089e-01,6.398833333333333595e-01,5.704883957011241090e-03,3.601166666666666405e-01,5.704883957011307009e-03,3.106519999999999868e+02,5.364502146709567931e+00,6.359868181818181254e-01,3.640131818181817636e-01,3.108474848484848962e+02
3.275000000000000133e-01,6.356503333333333172e-01,3.463410360026277987e-03,3.643496666666667383e-01,3.463410360026291431e-03,3.108886666666666656e+02,2.718561970083710921e+00,6.370317878787878918e-01,3.629682121212121637e-01,3.106896666666667102e+02
3.325000000000000178e-01,6.294656666666665901e-01,5.023136122127768929e-03,3.705343333333333544e-01,5.023136122127796685e-03,3.104420000000000073e+02,4.963617344769769346e+00,6.394630606060605071e-01,3.605369393939393818e-01,3.108029696969697397e+02
3.375000000000000222e-01,6.272739999999999982e-01,1.314617600114159623e-02,3.727259999999999462e-01,1.314617600114161705e-02,3.110446666666666715e+02,1.490684104602647331e+00,6.393975454545454129e-01,3.606024545454545316e-01,3.107144242424242293e+02
3.425000000000000266e-01,6.407663333333333266e-01,3.172463019884666328e-03,3.592336666666666178e-01,3.172463019884715768e-03,3.114866666666666788e+02,4.646238985088117168e+00,6.391714545454545426e-01,3.608285454545454574e-01,3.106837878787878822e+02
3.475000000000000311e-01,6.468663333333333210e-01,2.040023291736197883e-02,3.531336666666666790e-01,2.040023291736195801e-02,3.111013333333333435e+02,3.086697132079113448e+00,6.395995757575758667e-01,3.604004242424242443e-01,3.104072424242423835e+02
3.525000000000000355e-01,6.393403333333332883e-01,2.323260551938522919e-02,3.606596666666666562e-01,2.323260551938520144e-02,3.093623333333333107e+02,3.945324792092522070e+00,6.409212121212121138e-01,3.590787878787878862e-01,3.104093333333333362e+02
3.575000000000000400e-01,6.497983333333333666e-01,3.002700021343567352e-02,3.502016666666666889e-01,3.002700021343563189e-02,3.109519999999999982e+02,2.825458495430759331e+00,6.426742727272727329e-01,3.573257272727273226e-01,3.103784242424242166e+02
3.625000000000000444e-01,6.389190000000000147e-01,4.613929213406382096e-03,3.610809999999999853e-01,4.613929213406378627e-03,3.096150000000000091e+02,3.233083043445064586e+00,6.452105151515152848e-01,3.547894848484848263e-01,3.105520606060605928e+02
3.674999999999999933e-01,6.412670000000001425e-01,2.529607702128272920e-02,3.587329999999999686e-01,2.529607702128271879e-02,3.103369999999999891e+02,3.343383587320718053e+00,6.480624242424242176e-01,3.519375757575757824e-01,3.106535757575757657e+02
3.724999999999999978e-01,6.463646666666665874e-01,1.114201377733160976e-02,3.536353333333333571e-01,1.114201377733164446e-02,3.085980000000000132e+02,1.781824724945504590e+00,6.496658787878789587e-01,3.503341212121211523e-01,3.106611515151515164e+02
3.775000000000000022e-01,6.544213333333332994e-01,2.023286313369645345e-02,3.455786666666667006e-01,2.023286313369643263e-02,3.106750000000000114e+02,1.606251973293512769e+00,6.507056363636364305e-01,3.492943636363636806e-01,3.107450000000000614e+02
3.825000000000000067e-01,6.549339999999999051e-01,4.651631462865989802e-02,3.450660000000000394e-01,4.651631462865992578e-02,3.105486666666666338e+02,4.092172111103690391e+00,6.522472121212120610e-01,3.477527878787878834e-01,3.108696969696970314e+02
3.875000000000000111e-01,6.573643333333332173e-01,2.050794332674229711e-02,3.426356666666667272e-01,2.050794332674229711e-02,3.123520000000000323e+02,1.827894968835449774e+00,6.524828484848486099e-01,3.475171515151515012e-01,3.109250606060606401e+02
3.925000000000000155e-01,6.586450000000000360e-01,2.762816720475699470e-02,3.413549999999999085e-01,2.762816720475694612e-02,3.121613333333333458e+02,4.270961238776811442e+00,6.533155757575758171e-01,3.466844242424242939e-01,3.111031212121212093e+02
3.975000000000000200e-01,6.584043333333333692e-01,2.528948996059889737e-02,3.415956666666666308e-01,2.528948996059890778e-02,3.115699999999999932e+02,7.151108937971399904e+00,6.543499999999999872e-01,3.456499999999999573e-01,3.112900606060605924e+02
4.025000000000000244e-01,6.583036666666667314e-01,3.134434144909548775e-02,3.416963333333333241e-01,3.134434144909553632e-02,3.120236666666666565e+02,3.849892817540856438e+00,6.550288787878788543e-01,3.449711212121212567e-01,3.115639393939393926e+02
4.075000000000000289e-01,6.562976666666666681e-01,2.359730234412879546e-02,3.437023333333333319e-01,2.359730234412885791e-02,3.107339999999999804e+02,5.180312288048777525e+00,6.548493333333333943e-01,3.451506666666666612e-01,3.115386969696969572e+02
4.125000000000000333e-01,6.523903333333334054e-01,1.103150608181178299e-02,3.476096666666666501e-01,1.103150608181174309e-02,3.115609999999999786e+02,7.280685137290038300e-02,6.549846363636365743e-01,3.450153636363635368e-01,3.115054545454545405e+02
4.175000000000000377e-01,6.480790000000000717e-01,6.167348540263709218e-03,3.519209999999999838e-01,6.167348540263739576e-03,3.115736666666666679e+02,1.529239156855624504e+00,6.539051818181819131e-01,3.460948181818181424e-01,3.112087272727272875e+02
4.224999999999999867e-01,6.526456666666666795e-01,1.224765557215934386e-02,3.473543333333333205e-01,1.224765557215935254e-02,3.123933333333333167e+02,1.113074815167266696e+00,6.535140303030303466e-01,3.464859696969696534e-01,3.110547878787879199e+02
4.274999999999999911e-01,6.538323333333333487e-01,2.293677749381052566e-02,3.461676666666666513e-01,2.293677749381055689e-02,3.116106666666667024e+02,9.193670280109298432e-01,6.539395454545454678e-01,3.460604545454545322e-01,3.110016363636363508e+02
4.324999999999999956e-01,6.524463333333333503e-01,2.026375576317552760e-02,3.475536666666667052e-01,2.026375576317549984e-02,3.103973333333333358e+02,1.899259884339669524e+00,6.542464242424241849e-01,3.457535757575758151e-01,3.109112121212121451e+02
4.375000000000000000e-01,6.564223333333332189e-01,2.097066245986747152e-02,3.435776666666666146e-01,2.097066245986742988e-02,3.101829999999999927e+02,9.664125837607980829e-01,6.545223939393939316e-01,3.454776060606061239e-01,3.110021818181818958e+02
4.425000000000000044e-01,6.454903333333332771e-01,4.280267375391786505e-02,3.545096666666667229e-01,4.280267375391781648e-02,3.090880000000000223e+02,3.601765822861816790e+00,6.549168181818181278e-01,3.450831818181818722e-01,3.109362727272728080e+02
4.475000000000000089e-01,6.543423333333333591e-01,2.818169880787895973e-02,3.456576666666666964e-01,2.818169880787895279e-02,3.104680000000000177e+02,2.810679696972644859e+00,6.560585757575756460e-01,3.439414242424242429e-01,3.110185454545454604e+02
4.525000000000000133e-01,6.630849999999999245e-01,5.525686024485710474e-02,3.369150000000000200e-01,5.525686024485709780e-02,3.109853333333333580e+02,2.971371740929084293e+00,6.571146060606060102e-01,3.428853939393939898e-01,3.109972121212121010e+02
4.575000000000000178e-01,6.616793333333333971e-01,6.794632306955500356e-02,3.383206666666667140e-01,6.794632306955504519e-02,3.110289999999999964e+02,6.249995697776333792e+00,6.576534242424243448e-01,3.423465757575758217e-01,3.110576969696969627e+02
4.625000000000000222e-01,6.593333333333332158e-01,3.171869448179778783e-02,3.406666666666666732e-01,3.171869448179778783e-02,3.117346666666666692e+02,2.703198815247965570e+00,6.582958787878787632e-01,3.417041212121212368e-01,3.112443030303030014e+02
4.675000000000000266e-01,6.567290000000000072e-01,2.799920752846807911e-03,3.432710000000000483e-01,2.799920752846759339e-03,3.108360000000000127e+02,2.832192630104281239e+00,6.587483636363635764e-01,3.412516363636364236e-01,3.114003030303030073e+02
4.724999999999999756e-01,6.606383333333333274e-01,2.293360137601751017e-02,3.393616666666666171e-01,2.293360137601752058e-02,3.124786666666666974e+02,3.435703753119907500e+00,6.603077575757575479e-01,3.396922424242425076e-01,3.116213636363636397e+02
4.774999999999999800e-01,6.642619999999999081e-01,1.701716579091711729e-02,3.357380000000000364e-01,1.701716579091709300e-02,3.121586666666666474e+02,3.851434485414665154e+00,6.617276363636364067e-01,3.382723636363637043e-01,3.117818181818182097e+02
4.825000000000000400e-01,6.597593333333334753e-01,1.490470047599772724e-02,3.402406666666666357e-01,1.490470047599778275e-02,3.122760000000000105e+02,2.692107384734182318e+00,6.626600606060606413e-01,3.373399393939394697e-01,3.119927575757575937e+02
4.874999999999999889e-01,6.595133333333332848e-01,3.206751678235923025e-02,3.404866666666666597e-01,3.206751678235919556e-02,3.124499999999999886e+02,2.089257288390798273e+00,6.628584848484848635e-01,3.371415151515151920e-01,3.120764848484848812e+02
4.925000000000000488e-01,6.613996666666666080e-01,2.302732232461256190e-02,3.386003333333333920e-01,2.302732232461256884e-02,3.118990000000000578e+02,4.776685484959408257e+00,6.636783939393938736e-01,3.363216060606060709e-01,3.120213939393939881e+02
4.974999999999999978e-01,6.626436666666666309e-01,3.338349686515583448e-02,3.373563333333333691e-01,3.338349686515579978e-02,3.115196666666666374e+02,2.159539272378721453e+00,6.641852424242423725e-01,3.358147575757575720e-01,3.120249696969697197e+02
5.024999999999999467e-01,6.699610000000000287e-01,1.434292648737430127e-02,3.300390000000000268e-01,1.434292648737430301e-02,3.122329999999999472e+02,1.178348308032335368e+00,6.645176363636363659e-01,3.354823636363636341e-01,3.119639393939394836e+02
5.075000000000000622e-01,6.733416666666666162e-01,1.716666009326909062e-02,3.266583333333333283e-01,1.716666009326908021e-02,3.133056666666666388e+02,3.595495934394204784e+00,6.641539393939394076e-01,3.358460606060605924e-01,3.119456363636363676e+02
5.124999999999999556e-01,6.638619999999998411e-01,3.368638856999794234e-02,3.361380000000000479e-01,3.368638856999789377e-02,3.119499999999999886e+02,3.262798334920383958e+00,6.640875454545454026e-01,3.359124545454545419e-01,3.119247878787878676e+02
5.175000000000000711e-01,6.683523333333333261e-01,1.567280150169981720e-02,3.316476666666666739e-01,1.567280150169979985e-02,3.111286666666666747e+02,1.838265823124366261e+00,6.635817575757575471e-01,3.364182424242424529e-01,3.118402727272727475e+02
5.224999999999999645e-01,6.623043333333333837e-01,7.367447539925944290e-03,3.376956666666666163e-01,7.367447539925911330e-03,3.108753333333333444e+02,1.552077897713156185e+00,6.632217878787878274e-01,3.367782121212121726e-01,3.118041818181818030e+02
5.275000000000000799e-01,6.642946666666666999e-01,2.497102692586335854e-02,3.357053333333333001e-01,2.497102692586337588e-02,3.118073333333333608e+02,4.991498965263700960e+00,6.632680909090907795e-01,3.367319090909091095e-01,3.118074242424242470e+02
5.324999999999999734e-01,6.602613333333333667e-01,1.930908743559471563e-02,3.397386666666666888e-01,1.930908743559470175e-02,3.119573333333333380e+02,2.071771348030172266e+00,6.631960000000001187e-01,3.368039999999999923e-01,3.118340303030303176e+02
5.375000000000000888e-01,6.590289999999999759e-01,1.108069696117080193e-02,3.409709999999999686e-01,1.108069696117084009e-02,3.120466666666666811e+02,2.513579544266775656e+00,6.620742121212122022e-01,3.379257878787879088e-01,3.117577878787878944e+02
5.424999999999999822e-01,6.539496666666666513e-01,1.077668080795131378e-02,3.460503333333333487e-01,1.077668080795131551e-02,3.115203333333333262e+02,1.314435957374803010e+00,6.621312121212121760e-01,3.378687878787878796e-01,3.117878484848484959e+02
5.475000000000000977e-01,6.574400000000001354e-01,2.709052335613683013e-02,3.425599999999999756e-01,2.709052335613679544e-02,3.115020000000000095e+02,2.873367847374376005e+00,6.619728484848486083e-01,3.380271515151515027e-01,3.119154242424241943e+02
5.524999999999999911e-01,6.631529999999998815e-01,2.449804116920791669e-02,3.368469999999999520e-01,2.449804116920788200e-02,3.115553333333334081e+02,1.189249201730952832e+00,6.614780606060607360e-01,3.385219393939394306e-01,3.120313333333333503e+02
5.574999999999999956e-01,6.691680000000000961e-01,1.723139434561287917e-02,3.308320000000000149e-01,1.723139434561285488e-02,3.125256666666666661e+02,7.150966264674626371e-01,6.601429393939395318e-01,3.398570606060605792e-01,3.120571818181818458e+02
5.625000000000000000e-01,6.610019999999999785e-01,1.248514763167079579e-02,3.389979999999999660e-01,1.248514763167080967e-02,3.124669999999999277e+02,4.067264041874443237e+00,6.599344545454546296e-01,3.400655454545454259e-01,3.121250606060605719e+02
5.675000000000000044e-01,6.644889999999999963e-01,3.264574843904332474e-02,3.355110000000000592e-01,3.264574843904326923e-02,3.122806666666667184e+02,2.102778675834505506e+00,6.590426969696969728e-01,3.409573030303030272e-01,3.121655757575757661e+02
5.725000000000000089e-01,6.666103333333331937e-01,2.354388735859934065e-02,3.333896666666666952e-01,2.354388735859933718e-02,3.125319999999999823e+02,5.186910474791750048e+00,6.593470909090910492e-01,3.406529090909091173e-01,3.122832121212121592e+02
5.775000000000000133e-01,6.568616666666666770e-01,2.605750593221486944e-02,3.431383333333333230e-01,2.605750593221487985e-02,3.121503333333333217e+02,6.054502232863546496e+00,6.589853333333334229e-01,3.410146666666666881e-01,3.124950606060606333e+02
5.825000000000000178e-01,6.496083333333334542e-01,1.643832390510410746e-02,3.503916666666666013e-01,1.643832390510409358e-02,3.120916666666666401e+02,9.811694081082289465e-01,6.573850303030304154e-01,3.426149696969697511e-01,3.126093939393939536e+02
5.875000000000000222e-01,6.579679999999999973e-01,2.623361501461515116e-02,3.420319999999999472e-01,2.623361501461514422e-02,3.127040000000000077e+02,1.801082072665923128e+00,6.556826969696970542e-01,3.443173030303030568e-01,3.125744242424241861e+02
5.925000000000000266e-01,6.492196666666667504e-01,1.987631751235244965e-02,3.507803333333333051e-01,1.987631751235241842e-02,3.124923333333333062e+02,1.741630939804495792e+00,6.550217272727273388e-01,3.449782727272727723e-01,3.127059696969697029e+02
5.975000000000000311e-01,6.572979999999999379e-01,7.371302262337159523e-03,3.427020000000000621e-01,7.371302262337190749e-03,3.128143333333333089e+02,3.342232892327041682e+00,6.535342424242425174e-01,3.464657575757575936e-01,3.128408787878788644e+02
6.024999999999999245e-01,6.534606666666666897e-01,3.037669031738279152e-02,3.465393333333333103e-01,3.037669031738278805e-02,3.138323333333333380e+02,1.391259801315982703e+00,6.516009696969697895e-01,3.483990303030303215e-01,3.129236666666666906e+02
6.075000000000000400e-01,6.455496666666665773e-01,1.918698219762170198e-02,3.544503333333333672e-01,1.918698219762172627e-02,3.128130000000000450e+02,2.581401597025989147e+00,6.512080303030302053e-01,3.487919696969697392e-01,3.129668787878787839e+02
6.124999999999999334e-01,6.504423333333333446e-01,1.001748555578681893e-02,3.495576666666666554e-01,1.001748555578678423e-02,3.121410000000000196e+02,8.264730646951896631e+00,6.511628787878787072e-01,3.488371212121212372e-01,3.129913939393939586e+02
6.175000000000000488e-01,6.537313333333333309e-01,3.374457800254427459e-02,3.462686666666667246e-01,3.374457800254430928e-02,3.139139999999999873e+02,9.850757183791443161e-01,6.494812424242424331e-01,3.505187575757575669e-01,3.127770909090908731e+02
6.224999999999999423e-01,6.481266666666666287e-01,2.240183988793496492e-02,3.518733333333333158e-01,2.240183988793491981e-02,3.137646666666666420e+02,9.388408413336313263e-01,6.487640000000000073e-01,3.512360000000000482e-01,3.126433030303030591e+02
6.275000000000000577e-01,6.453443333333332976e-01,7.726154046327165029e-03,3.546556666666666469e-01,7.726154046327156355e-03,3.134426666666666392e+02,1.671996924369124615e+00,6.469192727272726762e-01,3.530807272727272683e-01,3.124733030303031001e+02
6.325000000000000622e-01,6.525393333333333601e-01,1.236436327593845239e-02,3.474606666666666954e-01,1.236436327593847667e-02,3.126256666666666320e+02,3.503608606944445203e+00,6.453462121212122371e-01,3.546537878787878739e-01,3.122479696969697329e+02
6.375000000000000666e-01,6.491116666666666424e-01,1.356933191065159798e-02,3.508883333333333021e-01,1.356933191065162921e-02,3.123613333333333344e+02,3.543066961387757896e+00,6.442968181818183870e-01,3.557031818181818350e-01,3.121877878787879013e+02
6.425000000000000711e-01,6.394699999999999829e-01,1.743942823153152993e-02,3.605300000000000171e-01,1.743942823153147095e-02,3.103466666666666356e+02,1.275817755742948423e+00,6.428835151515152058e-01,3.571164848484847942e-01,3.121434545454545173e+02
6.475000000000000755e-01,6.413299999999999557e-01,1.565432099328118234e-02,3.586699999999999888e-01,1.565432099328116500e-02,3.110206666666666706e+02,3.842961307707287499e+00,6.408844545454545072e-01,3.591155454545454928e-01,3.119645454545454299e+02
6.525000000000000799e-01,6.370060000000000722e-01,8.948132999175862842e-03,3.629939999999999833e-01,8.948132999175838556e-03,3.109443333333333612e+02,3.858749796061362147e+00,6.388565757575758175e-01,3.611434242424242380e-01,3.118314848484848767e+02
6.574999999999999734e-01,6.361570000000000835e-01,2.832267440140244508e-02,3.638429999999999720e-01,2.832267440140243120e-02,3.113536666666666406e+02,5.105918512065387382e+00,6.387300606060607455e-01,3.612699393939394210e-01,3.116749090909090683e+02
6.625000000000000888e-01,6.340063333333333384e-01,2.992693502810856235e-02,3.659936666666667171e-01,2.992693502810860051e-02,3.121510000000000105e+02,5.874282945148127766e+00,6.377574545454546273e-01,3.622425454545454837e-01,3.116281515151515009e+02
6.674999999999999822e-01,6.348960000000000159e-01,4.073171089806757600e-02,3.651039999999999286e-01,4.073171089806760375e-02,3.116533333333333644e+02,5.569834138507607335e+00,6.369427575757576898e-01,3.630572424242424212e-01,3.116471818181818207e+02
6.725000000000000977e-01,6.317416666666665348e-01,3.191979182030874052e-02,3.682583333333333542e-01,3.191979182030880297e-02,3.119460000000000264e+02,4.968381619252886239e+00,6.368171212121213065e-01,3.631828787878786935e-01,3.119107878787879145e+02
6.774999999999999911e-01,6.258200000000000429e-01,1.770315280675009359e-02,3.741799999999999571e-01,1.770315280675007277e-02,3.123009999999999877e+02,3.124094291998791295e+00,6.362501212121213223e-01,3.637498787878787332e-01,3.121023333333333198e+02
6.825000000000001066e-01,6.439526666666667287e-01,2.996146426229430795e-02,3.560473333333333268e-01,2.996146426229427326e-02,3.117203333333333717e+02,2.738915133453772022e+00,6.345930909090909955e-01,3.654069090909090600e-01,3.121923939393939804e+02
6.875000000000000000e-01,6.418406666666666149e-01,1.632962740078384989e-02,3.581593333333333296e-01,1.632962740078387071e-02,3.121113333333333344e+02,2.570913716761348056e+00,6.336043333333334360e-01,3.663956666666666750e-01,3.122456060606060646e+02
6.925000000000001155e-01,6.401499999999999968e-01,7.531715050826009658e-03,3.598500000000000032e-01,7.531715050825983637e-03,3.125706666666666820e+02,7.104561473602213351e-01,6.324160909090909000e-01,3.675839090909090445e-01,3.122444242424242589e+02
6.975000000000000089e-01,6.380879999999999885e-01,3.065658679492114583e-02,3.619119999999999560e-01,3.065658679492116317e-02,3.132463333333333253e+02,1.765278900185884181e+00,6.309190909090909294e-01,3.690809090909090706e-01,3.122429696969697375e+02
7.025000000000001243e-01,6.350930000000000186e-01,1.491395288936921311e-02,3.649069999999999259e-01,1.491395288936923740e-02,3.131276666666666983e+02,2.333028996025608759e+00,6.287727575757575682e-01,3.712272424242423763e-01,3.122125151515151629e+02
7.075000000000000178e-01,6.187786666666666990e-01,1.379964152410245032e-02,3.812213333333332455e-01,1.379964152410247634e-02,3.119349999999999454e+02,4.036054155397232890e+00,6.275395757575757960e-01,3.724604242424242040e-01,3.122229393939393844e+02
7.125000000000000222e-01,6.252806666666667068e-01,3.474285309088168128e-02,3.747193333333333487e-01,3.474285309088167434e-02,3.119390000000000214e+02,3.180048494496654055e+00,6.247345757575757386e-01,3.752654242424242614e-01,3.122898484848485054e+02
7.175000000000000266e-01,6.209356666666666635e-01,3.046423995310287500e-02,3.790643333333332810e-01,3.046423995310285418e-02,3.121379999999999768e+02,6.171120582832790191e+00,6.216029393939394021e-01,3.783970606060605979e-01,3.122553333333333399e+02
7.225000000000000311e-01,6.184290000000001175e-01,1.864170312869672594e-02,3.815710000000000490e-01,1.864170312869672941e-02,3.116373333333333449e+02,2.189928135000620557e+00,6.181286969696969669e-01,3.818713030303029776e-01,3.122223030303030669e+02
7.275000000000000355e-01,6.081320000000000059e-01,1.708264345173619511e-02,3.918679999999999386e-01,1.708264345173622981e-02,3.116110000000000468e+02,3.925769996876580681e+00,6.155904848484847758e-01,3.844095151515151132e-01,3.121867272727272962e+02
7.325000000000000400e-01,6.122549999999999937e-01,1.313645469090329865e-02,3.877450000000000063e-01,1.313645469090325354e-02,3.124156666666667093e+02,2.965322099030264891e+00,6.125593030303029263e-01,3.874406969696969072e-01,3.122322727272727434e+02
7.375000000000000444e-01,6.130976666666666519e-01,1.015558710808837223e-02,3.869023333333332926e-01,1.015558710808838958e-02,3.124563333333333048e+02,2.435044657563860682e+00,6.118919090909090697e-01,3.881080909090908748e-01,3.121845757575757716e+02
7.425000000000000488e-01,6.073926666666666918e-01,3.253985039216005654e-02,3.926073333333333082e-01,3.253985039216004266e-02,3.117316666666666265e+02,2.298358166628619692e+00,6.100410303030302517e-01,3.899589696969696373e-01,3.121961212121212270e+02
7.475000000000000533e-01,6.019333333333333202e-01,2.187663803462504275e-02,3.980666666666666242e-01,2.187663803462508091e-02,3.122073333333333380e+02,1.417222517397243253e+00,6.088832424242425212e-01,3.911167575757575343e-01,3.120711515151515414e+02
7.525000000000000577e-01,6.101676666666666637e-01,1.352974614598989773e-02,3.898323333333333363e-01,1.352974614598993763e-02,3.128550000000000182e+02,4.550248690489191006e+00,6.072556363636364418e-01,3.927443636363636137e-01,3.121894545454546233e+02
7.574999999999999512e-01,6.017500000000000071e-01,1.299875184540667805e-02,3.982499999999999929e-01,1.299875184540665377e-02,3.136286666666666747e+02,1.820285421093343237e+00,6.068262727272728529e-01,3.931737272727272581e-01,3.121692727272727552e+02
7.625000000000000666e-01,6.114373333333332772e-01,5.899035923454880662e-03,3.885626666666666673e-01,5.899035923454877192e-03,3.114103333333333126e+02,3.678039440429625273e+00,6.058056666666666867e-01,3.941943333333333133e-01,3.121458484848485000e+02
7.674999999999999600e-01,6.049210000000000420e-01,1.206912139714997820e-02,3.950789999999999580e-01,1.206912139714995738e-02,3.120660000000000309e+02,3.438574252344827720e+00,6.038943333333333108e-01,3.961056666666666337e-01,3.121376363636363749e+02
7.725000000000000755e-01,6.081999999999999629e-01,1.942864940386029513e-02,3.917999999999999261e-01,1.942864940386027778e-02,3.107633333333333212e+02,1.244184367664480373e+00,6.023407878787878644e-01,3.976592121212120801e-01,3.121004848484848821e+02
7.774999999999999689e-01,6.005253333333333554e-01,5.789216360965765765e-03,3.994746666666667001e-01,5.789216360965767499e-03,3.129386666666666770e+02,4.158078740129520945e+00,6.016473939393939263e-01,3.983526060606060182e-01,3.120542727272727461e+02
7.825000000000000844e-01,6.034089999999999732e-01,3.613923508903419193e-03,3.965910000000000823e-01,3.613923508903466465e-03,3.113889999999999532e+02,1.377527718554044656e+00,5.999092727272727910e-01,4.000907272727272090e-01,3.118701818181818339e+02
7.874999999999999778e-01,6.010283333333333866e-01,1.938138607690654061e-02,3.989716666666666689e-01,1.938138607690650245e-02,3.121580000000000155e+02,3.858504043407394946e+00,5.989879696969697687e-01,4.010120303030302868e-01,3.117890606060606160e+02
7.925000000000000933e-01,5.920729999999999604e-01,6.701624840609470696e-03,4.079269999999999841e-01,6.701624840609511462e-03,3.123659999999999854e+02,4.361485834410175677e+00,5.965362424242425243e-01,4.034637575757575867e-01,3.118852424242423922e+02
7.974999999999999867e-01,5.903036666666667820e-01,3.207958091498218627e-03,4.096963333333333845e-01,3.207958091498283246e-03,3.113230000000000359e+02,5.591916484159215273e+00,5.939354848484849070e-01,4.060645151515152040e-01,3.119323030303029896e+02
8.025000000000001021e-01,5.943060000000000009e-01,1.255951357937190073e-02,4.056939999999999991e-01,1.255951357937192328e-02,3.116990000000000123e+02,5.978317786430849878e+00,5.908283939393939033e-01,4.091716060606061522e-01,3.120223939393939077e+02
8.074999999999999956e-01,5.910483333333333977e-01,1.990024508131228373e-02,4.089516666666666578e-01,1.990024508131233577e-02,3.108299999999999841e+02,4.308451666281491121e+00,5.878290303030302422e-01,4.121709696969698133e-01,3.120034848484847885e+02
8.125000000000000000e-01,5.916156666666665398e-01,1.368529577378416011e-02,4.083843333333334047e-01,1.368529577378413582e-02,3.127363333333333344e+02,1.351645634117119688e+00,5.850916060606060620e-01,4.149083939393939380e-01,3.121099090909090705e+02
8.175000000000000044e-01,5.844683333333332564e-01,6.463888782593058165e-03,4.155316666666666880e-01,6.463888782593041685e-03,3.124683333333333053e+02,3.989813887940030224e+00,5.819260606060605578e-01,4.180739393939393866e-01,3.121326969696969513e+02
8.225000000000000089e-01,5.763126666666666953e-01,3.479642404614101403e-02,4.236873333333333602e-01,3.479642404614102097e-02,3.125836666666666588e+02,6.853759506520435973e-01,5.781807878787879051e-01,4.218192121212121504e-01,3.121179090909091087e+02
8.275000000000000133e-01,5.740220000000000322e-01,2.747120042834598833e-02,4.259780000000000233e-01,2.747120042834597445e-02,3.117543333333333067e+02,3.880795857080119760e+00,5.749980606060607347e-01,4.250019393939394319e-01,3.122021515151515132e+02
8.325000000000000178e-01,5.675323333333333053e-01,4.752920596248687291e-02,4.324676666666666947e-01,4.752920596248690066e-02,3.127306666666666501e+02,1.476510799977451160e+00,5.703048181818182183e-01,4.296951818181818927e-01,3.122172424242424427e+02
8.375000000000000222e-01,5.732973333333333255e-01,4.444284695530734824e-02,4.267026666666666745e-01,4.444284695530736212e-02,3.125596666666666010e+02,3.726832793722365533e+00,5.646569090909091537e-01,4.353430909090909573e-01,3.122831212121212161e+02
8.425000000000000266e-01,5.662073333333332847e-01,3.945723847934563822e-02,4.337926666666666597e-01,3.945723847934568679e-02,3.124086666666667043e+02,1.988310300695469657e+00,5.591650303030303304e-01,4.408349696969697251e-01,3.121943030303030469e+02
8.475000000000000311e-01,5.508750000000000036e-01,4.555732828212304131e-02,4.491249999999999964e-01,4.555732828212303437e-02,3.122033333333333189e+02,2.139839647052950156e+00,5.539841212121212610e-01,4.460158787878788500e-01,3.121503636363636360e+02
8.525000000000000355e-01,5.552936666666666854e-01,3.009122915184663655e-02,4.447063333333333701e-01,3.009122915184658104e-02,3.122496666666666556e+02,5.858672417999224891e+00,5.486519393939395250e-01,4.513480606060606415e-01,3.120996666666666783e+02
8.575000000000000400e-01,5.426803333333333201e-01,3.505103780833875721e-02,4.573196666666666244e-01,3.505103780833875027e-02,3.118650000000000091e+02,1.559878271604035360e+00,5.434994545454546744e-01,4.565005454545454922e-01,3.121534242424242507e+02
8.625000000000000444e-01,5.289213333333333544e-01,8.383314582568950762e-03,4.710786666666666456e-01,8.383314582568940354e-03,3.115546666666666624e+02,3.107349799254795375e+00,5.392012424242423885e-01,4.607987575757575560e-01,3.121800909090908931e+02
8.674999999999999378e-01,5.312050000000000383e-01,1.578169912044345008e-02,4.687950000000000172e-01,1.578169912044339804e-02,3.117593333333333590e+02,1.511495904376177091e+00,5.339349090909091267e-01,4.660650909090909289e-01,3.122124242424242766e+02
8.725000000000000533e-01,5.274783333333333823e-01,3.163207345531779402e-02,4.725216666666666732e-01,3.163207345531783565e-02,3.119849999999999568e+02,2.125668671064573800e+00,5.286184848484848375e-01,4.713815151515151625e-01,3.121537878787878526e+02
8.775000000000000577e-01,5.176586666666666003e-01,3.350752395067171929e-02,4.823413333333332886e-01,3.350752395067170541e-02,3.120260000000000105e+02,3.426986595860114004e+00,5.246977878787878469e-01,4.753022121212121531e-01,3.120311515151515778e+02
8.825000000000000622e-01,5.173446666666666749e-01,2.492895928119148036e-02,4.826553333333333806e-01,2.492895928119144219e-02,3.123456666666666592e+02,3.016688738645210588e+00,5.195653636363636307e-01,4.804346363636364248e-01,3.119530606060606601e+02
8.875000000000000666e-01,5.202520000000000477e-01,1.013178002517980784e-02,4.797480000000000078e-01,1.013178002517981825e-02,3.130240000000000009e+02,5.238428602378931487e+00,5.155210303030302033e-01,4.844789696969697967e-01,3.119398787878787971e+02
8.925000000000000711e-01,5.153676666666666684e-01,3.611282117052877494e-02,4.846323333333333316e-01,3.611282117052868473e-02,3.129153333333333080e+02,3.294480191501190092e+00,5.124199999999999866e-01,4.875800000000000689e-01,3.119673030303030714e+02
8.975000000000000755e-01,5.077266666666667705e-01,4.078036434161368823e-02,4.922733333333333405e-01,4.078036434161374374e-02,3.117636666666666656e+02,3.794710692064312774e+00,5.076787575757575333e-01,4.923212424242424667e-01,3.119589090909091169e+02
9.025000000000000799e-01,5.077473333333333283e-01,4.952865561070665668e-02,4.922526666666667272e-01,4.952865561070673994e-02,3.108543333333333862e+02,3.452721167237431832e+00,5.028666969696969913e-01,4.971333030303030642e-01,3.119234545454545469e+02
9.075000000000000844e-01,4.988370000000000304e-01,6.334522178419527139e-02,5.011630000000000251e-01,6.334522178419527139e-02,3.113906666666666752e+02,2.570282362796276754e+00,4.975882121212121256e-01,5.024117878787879299e-01,3.117854545454545701e+02
9.125000000000000888e-01,4.981926666666666170e-01,2.390523322970060024e-02,5.018073333333332720e-01,2.390523322970061759e-02,3.117200000000000273e+02,1.118245565740884073e+00,4.911858181818181124e-01,5.088141818181818321e-01,3.115845757575757489e+02
9.175000000000000933e-01,4.948099999999999721e-01,2.209345813490892416e-02,5.051899999999999169e-01,2.209345813490890334e-02,3.118563333333333389e+02,6.475996617798021049e-01,4.832557575757576163e-01,5.167442424242424392e-01,3.113633939393939727e+02
9.224999999999999867e-01,4.790513333333333290e-01,1.985050218415053414e-02,5.209486666666666155e-01,1.985050218415061046e-02,3.116669999999999732e+02,2.725737579156725765e+00,4.748161818181817484e-01,5.251838181818182516e-01,3.111544242424242839e+02
9.275000000000001021e-01,4.745456666666666434e-01,2.273236161895472035e-02,5.254543333333333566e-01,2.273236161895468219e-02,3.115950000000000273e+02,1.517905715347192874e+00,4.666922424242423428e-01,5.333077575757576572e-01,3.110373030303030077e+02
9.324999999999999956e-01,4.595953333333333557e-01,3.186244085067808929e-02,5.404046666666667553e-01,3.186244085067822113e-02,3.105080000000000382e+02,1.151640991958374771e+00,4.573773636363636652e-01,5.426226363636363903e-01,3.110747575757575873e+02
9.375000000000001110e-01,4.469183333333333619e-01,1.377434387866613690e-03,5.530816666666665826e-01,1.377434387866610004e-03,3.101359999999999673e+02,1.855597662145741733e+00,4.476924848484848951e-01,5.523075151515152159e-01,3.109962727272726966e+02
9.425000000000000044e-01,4.330213333333333137e-01,3.584191112939437429e-02,5.669786666666666308e-01,3.584191112939437429e-02,3.105909999999999513e+02,4.107648465305918428e+00,4.366818484848484783e-01,5.633181515151515217e-01,3.108618787878787657e+02
9.475000000000001199e-01,4.225323333333333431e-01,3.600156805614754263e-02,5.774676666666666014e-01,3.600156805614756345e-02,3.106166666666666174e+02,2.685002781622736645e+00,4.253988181818182390e-01,5.746011818181817610e-01,3.107257878787879122e+02
9.525000000000000133e-01,4.183633333333333648e-01,4.494415809833455372e-02,5.816366666666666907e-01,4.494415809833458147e-02,3.104753333333333103e+02,4.006886664324125213e-01,4.129023939393939302e-01,5.870976060606061253e-01,3.105175757575757416e+02
9.575000000000000178e-01,4.052836666666666532e-01,3.109541052522375032e-02,5.947163333333332913e-01,3.109541052522372256e-02,3.112663333333333071e+02,3.449287010019987054e+00,3.982217878787878140e-01,6.017782121212121860e-01,3.103102727272727179e+02
9.625000000000001332e-01,3.923033333333332817e-01,3.048694705202059305e-02,6.076966666666666628e-01,3.048694705202054794e-02,3.105273333333332744e+02,1.121382063435003351e+00,3.820208787878787704e-01,6.179791212121211741e-01,3.102164242424242389e+02
9.675000000000001377e-01,3.770756666666666423e-01,3.026444276883788476e-02,6.229243333333333021e-01,3.026444276883800619e-02,3.102416666666666174e+02,3.659770022977199666e+00,3.610591818181818069e-01,6.389408181818182486e-01,3.101068181818181415e+02
9.725000000000000311e-01,3.706966666666666743e-01,1.917515897585439499e-02,6.293033333333332147e-01,1.917515897585434989e-02,3.103593333333333817e+02,4.212984287175628673e+00,3.299421757575757286e-01,6.700578242424242159e-01,3.101447575757575237e+02
9.775000000000000355e-01,3.415906666666666536e-01,2.067372271866956338e-02,6.584093333333332909e-01,2.067372271866957725e-02,3.093766666666667220e+02,1.724843866752161281e+00,2.997787151515151072e-01,7.002212848484847818e-01,3.101803636363635519e+02
9.824999999999999289e-01,3.130589999999999762e-01,1.847588207163020774e-02,6.869410000000000238e-01,1.847588207163015223e-02,3.093146666666666533e+02,1.872677941442347782e+00,2.699942545454545040e-01,7.300057454545454405e-01,3.102288181818181556e+02
9.875000000000001554e-01,2.813853333333333762e-01,1.740626703345339588e-02,7.186146666666667349e-01,1.740626703345363527e-02,3.094756666666666547e+02,8.589454708753724299e-01,2.413988545454545664e-01,7.586011454545453780e-01,3.102053636363635860e+02
9.925000000000000488e-01,2.163396666666666524e-01,1.390849634037201639e-02,7.836603333333332921e-01,1.390849634037199557e-02,3.089303333333333512e+02,1.288904453192145638e+00,2.139834848484848673e-01,7.860165151515150495e-01,3.102490909090909099e+02
9.975000000000000533e-01,9.073426666666667417e-02,1.172612219243223189e-02,9.092657333333332703e-01,1.172612219243237240e-02,3.110083333333333826e+02,4.668425357862883374e+00,1.879524484848485166e-01,8.120475515151515111e-01,3.103187878787878731e+02
